DAY,GregorianMonthDay,FAJR start,SUN RISE,DHUHR start,ASR start,M/RIB start,ISHA start,FAJR prayer,DHUHR prayer,ASR prayer,M/RIB prayer,ISHA prayer,,
Thu,01-Jan,06:50,08:25,12:18,13:45,16:04,17:38,07:15,12:30,14:30,16:04,18:30,12:30,13:00
Fri,02-Jan,06:47,08:25,12:18,13:46,16:05,17:39,07:00,12:30,14:30,16:05,18:30,12:30,13:00
Sat,03-Jan,06:43,08:24,12:18,13:47,16:06,17:40,07:00,12:30,14:30,16:06,18:30,12:30,13:00
Sun,04-Jan,06:43,08:24,12:19,13:48,16:07,17:41,07:00,12:30,14:30,16:07,18:30,12:30,13:00
Mon,05-Jan,06:42,08:24,12:19,13:49,16:08,17:42,07:00,12:30,14:30,16:08,18:30,12:30,13:00
Tue,06-Jan,06:42,08:23,12:20,13:50,16:10,17:43,07:00,12:30,14:30,16:10,18:30,12:30,13:00
Wed,07-Jan,06:42,08:23,12:20,13:51,16:11,17:44,07:00,12:30,14:30,16:11,18:30,12:30,13:00
Thu,08-Jan,06:41,08:22,12:21,13:52,16:13,17:45,07:00,12:30,14:30,16:13,18:30,12:30,13:00
Fri,09-Jan,06:41,08:22,12:21,13:53,16:14,17:46,07:00,12:30,14:30,16:14,18:30,12:30,13:00
Sat,10-Jan,06:40,08:21,12:22,13:55,16:16,17:47,07:00,12:45,14:30,16:16,18:30,12:30,13:00
Sun,11-Jan,06:40,08:20,12:22,13:56,16:17,17:49,07:00,12:45,14:30,16:17,18:30,12:30,13:00
Mon,12-Jan,06:39,08:20,12:22,13:57,16:19,17:50,07:00,12:45,14:30,16:19,18:30,12:30,13:00
Tue,13-Jan,06:38,08:19,12:23,13:59,16:20,17:51,07:00,12:45,14:30,16:20,18:30,12:30,13:00
Wed,14-Jan,06:37,08:18,12:23,14:00,16:22,17:53,07:00,12:45,14:30,16:22,18:30,12:30,13:00
Thu,15-Jan,06:37,08:17,12:23,14:01,16:24,17:54,07:00,12:45,14:30,16:24,18:30,12:30,13:00
Fri,16-Jan,06:36,08:16,12:24,14:03,16:25,17:56,06:45,12:30,14:30,16:25,18:30,12:30,13:00
Sat,17-Jan,06:35,08:15,12:24,14:04,16:27,17:57,06:45,12:45,14:30,16:27,18:30,12:30,13:00
Sun,18-Jan,06:34,08:14,12:24,14:05,16:29,17:59,06:45,12:45,14:30,16:29,18:30,12:30,13:00
Mon,19-Jan,06:33,08:13,12:25,14:07,16:30,18:00,06:45,12:45,14:30,16:30,18:30,12:30,13:00
Tue,20-Jan,06:32,08:12,12:25,14:08,16:32,18:02,06:45,12:45,14:30,16:32,18:30,12:30,13:00
Wed,21-Jan,06:31,08:10,12:25,14:10,16:34,18:03,06:45,12:45,14:30,16:34,18:30,12:30,13:00
Thu,22-Jan,06:29,08:09,12:26,14:11,16:36,18:05,06:45,12:45,14:30,16:36,18:30,12:30,13:00
Fri,23-Jan,06:28,08:08,12:26,14:13,16:38,18:06,06:45,12:30,14:30,16:38,18:30,12:30,13:00
Sat,24-Jan,06:27,08:06,12:26,14:14,16:40,18:08,06:45,12:45,14:30,16:40,18:30,12:30,13:00
Sun,25-Jan,06:26,08:05,12:26,14:16,16:41,18:10,06:45,12:45,14:30,16:41,18:30,12:30,13:00
Mon,26-Jan,06:24,08:04,12:27,14:17,16:43,18:11,06:45,12:45,14:30,16:43,18:30,12:30,13:00
Tue,27-Jan,06:23,08:02,12:27,14:19,16:45,18:13,06:45,12:45,14:30,16:45,18:30,12:30,13:00
Wed,28-Jan,06:21,08:01,12:27,14:20,16:47,18:14,06:45,12:45,14:30,16:47,18:30,12:30,13:00
Thu,29-Jan,06:20,07:59,12:27,14:22,16:49,18:16,06:45,12:45,14:30,16:49,18:30,12:30,13:00
Fri,30-Jan,06:19,07:57,12:27,14:23,16:51,18:18,06:30,12:30,14:45,16:51,18:45,12:30,13:00
Sat,31-Jan,06:17,07:56,12:27,14:25,16:53,18:20,06:30,12:45,14:45,16:53,18:45,12:30,13:00
Sun,01-Feb,06:12,07:50,12:22,02:27,04:52,06:33,06:35,12:45,02:45,04:52,07:20,,
Mon,02-Feb,06:10,07:48,12:22,02:28,04:54,06:35,06:35,12:45,02:45,04:54,07:20,,
Tue,03-Feb,06:09,07:47,12:23,02:30,04:56,06:36,06:35,12:45,02:45,04:56,07:20,,
Wed,04-Feb,06:08,07:45,12:23,02:32,04:58,06:37,06:35,12:30,02:45,04:58,07:20,,
Thu,05-Feb,06:05,07:43,12:23,02:33,05:00,06:38,06:25,12:45,03:00,05:00,07:20,,
Fri,06-Feb,06:05,07:42,12:23,02:34,05:02,06:40,06:25,12:45,03:00,05:02,07:20,,
Sat,07-Feb,06:03,07:40,12:23,02:36,05:04,06:42,06:25,12:45,03:00,05:04,07:20,,
Sun,08-Feb,06:00,07:38,12:23,02:38,05:06,06:43,06:25,12:45,03:00,05:06,07:20,,
Mon,09-Feb,05:59,07:36,12:23,02:39,05:07,06:44,06:25,12:45,03:00,05:07,07:20,,
Tue,10-Feb,05:57,07:34,12:23,02:41,05:09,06:46,06:25,12:45,03:00,05:09,07:20,,
Wed,11-Feb,05:55,07:32,12:23,02:41,05:11,06:47,06:25,12:30,03:00,05:11,07:20,,
Thu,12-Feb,05:54,07:31,12:23,02:43,05:13,06:48,06:15,12:45,03:15,05:13,07:20,,
Fri,13-Feb,05:53,07:29,12:23,02:44,05:15,06:50,06:15,12:45,03:15,05:15,07:20,,
Sat,14-Feb,05:50,07:27,12:23,02:46,05:17,06:52,06:15,12:45,03:15,05:17,07:20,,
Sun,15-Feb,05:48,07:25,12:23,02:48,05:19,06:53,06:15,12:45,03:15,05:19,07:20,,
Mon,16-Feb,05:46,07:23,12:23,02:50,05:21,06:54,06:15,12:45,03:15,05:21,07:20,,
Tue,17-Feb,05:44,07:21,12:23,02:50,05:23,06:56,06:15,12:45,03:15,05:23,07:20,,
Wed,18-Feb,05:42,07:19,12:23,02:52,05:25,06:57,06:15,12:30,03:15,05:25,07:20,,
Thu,19-Feb,05:41,07:17,12:23,02:53,05:26,06:58,06:00,12:45,03:30,05:26,07:20,,
Fri,20-Feb,05:40,07:14,12:23,02:55,05:28,07:00,06:00,12:45,03:30,05:28,07:20,,
Sat,21-Feb,05:38,07:12,12:23,02:57,05:30,07:02,06:00,12:30,03:30,05:30,07:20,,
Sun,22-Feb,05:36,07:10,12:23,02:58,05:32,07:03,06:00,12:45,03:30,05:32,07:20,,
Mon,23-Feb,05:34,07:08,12:22,02:59,05:34,07:04,06:00,12:45,03:30,05:34,07:20,,
Tue,24-Feb,05:32,07:06,12:22,03:00,05:36,07:05,06:00,12:45,03:30,05:36,07:20,,
Wed,25-Feb,05:30,07:04,12:22,03:02,05:38,07:07,06:00,12:45,03:30,05:38,07:20,,
Thu,26-Feb,05:28,07:02,12:22,03:03,05:40,07:09,05:50,12:45,03:30,05:40,07:30,,
Fri,27-Feb,05:26,06:59,12:22,03:05,05:41,07:10,05:50,12:45,03:30,05:41,07:30,,
Sat,28-Feb,05:24,06:57,12:22,03:07,05:43,07:12,05:50,12:30,03:30,05:43,07:30,,
Sun,01-Mar,05:22,06:54,12:20,03:08,05:47,07:13,05:45,12:45,03:30,05:47,07:30,,
Mon,02-Mar,05:19,06:51,12:20,03:08,05:48,07:15,05:45,12:45,03:30,05:48,07:30,,
Tue,03-Mar,05:17,06:49,12:20,03:10,05:50,07:17,05:30,12:45,03:45,05:50,07:30,,
Wed,04-Mar,05:15,06:46,12:19,03:11,05:52,07:18,05:30,12:45,03:45,05:52,07:30,,
Thu,05-Mar,05:15,06:44,12:19,03:13,05:54,07:20,05:30,12:45,03:45,05:54,07:30,,
Fri,06-Mar,05:11,06:42,12:19,03:14,05:56,07:21,05:30,12:45,03:45,05:56,07:45,,
Sat,07-Mar,05:09,06:40,12:19,03:16,05:57,07:23,05:30,12:50,03:45,05:57,07:45,,
Sun,08-Mar,05:07,06:37,12:18,03:16,05:59,07:25,05:30,12:45,03:45,05:59,07:45,,
Mon,09-Mar,05:05,06:35,12:18,03:17,06:01,07:26,05:30,12:45,03:45,06:01,07:45,,
Tue,10-Mar,05:02,06:33,12:18,03:18,06:03,07:29,05:15,12:45,03:45,06:03,07:45,,
Wed,11-Mar,05:00,06:30,12:18,03:21,06:05,07:32,05:15,12:45,03:45,06:05,07:45,,
Thu,12-Mar,04:58,06:28,12:17,03:22,06:06,07:33,05:15,12:45,03:45,06:06,07:45,,
Fri,13-Mar,04:56,06:26,12:17,03:23,06:08,07:35,05:15,12:45,03:45,06:08,08:00,,
Sat,14-Mar,04:54,06:23,12:17,03:24,06:10,07:36,05:15,12:50,03:45,06:10,08:00,,
Sun,15-Mar,04:51,06:21,12:17,03:25,06:12,07:38,05:15,12:45,03:45,06:12,08:00,,
Mon,16-Mar,04:49,06:19,12:16,03:25,06:14,07:39,05:15,12:45,03:45,06:14,08:00,,
Tue,17-Mar,04:47,06:16,12:16,03:27,06:15,07:41,05:00,12:45,04:00,06:15,08:00,,
Wed,18-Mar,04:45,06:14,12:16,03:28,06:17,07:43,05:00,12:45,04:00,06:17,08:00,,
Thu,19-Mar,04:43,06:12,12:15,03:30,06:19,07:44,05:00,12:45,04:00,06:19,08:00,,
Fri,20-Mar,04:40,06:09,12:15,03:31,06:21,07:45,05:00,12:45,04:00,06:21,08:00,,
Sat,21-Mar,04:38,06:07,12:15,03:32,06:22,07:47,05:00,12:50,04:00,06:22,08:00,,
Sun,22-Mar,04:36,06:05,12:14,03:33,06:24,07:49,05:00,12:45,04:00,06:24,08:00,,
Mon,23-Mar,04:33,06:02,12:14,03:33,06:26,07:50,05:00,12:45,04:00,06:26,08:15,,
Tue,24-Mar,04:31,06:00,12:14,03:34,06:28,07:52,04:45,12:45,04:00,06:28,08:15,,
Wed,25-Mar,04:28,05:58,12:14,03:35,06:29,07:54,04:45,12:45,04:00,06:29,08:15,,
Thu,26-Mar,04:26,05:55,12:13,03:36,06:31,07:56,04:45,12:45,04:00,06:31,08:15,,
Fri,27-Mar,04:23,05:53,12:13,03:37,06:35,07:57,04:45,12:45,04:00,06:35,08:15,,
Sat,28-Mar,04:20,05:50,12:13,03:38,06:35,08:00,04:45,12:50,04:00,06:35,08:15,,
Sun,29-Mar,04:18,05:48,12:12,03:39,06:36,08:02,04:45,12:45,04:00,06:36,08:15,,
Mon,30-Mar,05:15,06:46,01:12,04:40,07:38,09:04,05:30,01:45,05:15,07:38,09:30,,
Tue,31-Mar,05:13,06:43,01:12,04:41,07:40,09:05,05:30,01:45,05:15,07:40,09:30,,
Wed,01-Apr,05:10,06:41,01:11,04:42,07:41,09:07,05:30,01:45,05:15,07:41,09:30,,
Thu,02-Apr,05:05,06:37,01:11,04:44,07:43,09:09,05:30,01:45,05:15,07:43,09:30,,
Fri,03-Apr,05:02,06:34,01:11,04:46,07:44,09:11,05:30,01:45,05:15,07:44,09:30,,
Sat,04-Apr,04:59,06:32,01:10,04:47,07:46,09:12,05:30,01:30,05:15,07:46,09:30,,
Sun,05-Apr,04:57,06:30,01:10,04:48,07:48,09:13,05:30,01:45,05:15,07:48,09:30,,
Mon,06-Apr,04:54,06:27,01:10,04:49,07:50,09:15,05:30,01:45,05:15,07:50,09:30,,
Tue,07-Apr,04:51,06:25,01:09,04:50,07:51,09:17,05:15,01:45,05:15,07:51,09:40,,
Wed,08-Apr,04:48,06:23,01:09,04:50,07:53,09:18,05:15,01:45,05:15,07:53,09:40,,
Thu,09-Apr,04:45,06:21,01:09,04:50,07:55,09:20,05:15,01:45,05:15,07:55,09:40,,
Fri,10-Apr,04:42,06:17,01:08,04:51,07:59,09:22,05:15,01:45,05:15,07:59,09:40,,
Sat,11-Apr,04:39,06:15,01:08,04:52,08:01,09:24,05:15,01:30,05:15,08:01,09:40,,
Sun,12-Apr,04:37,06:13,01:08,04:53,08:03,09:26,05:15,01:45,05:15,08:03,09:40,,
Mon,13-Apr,04:34,06:10,01:08,04:55,08:04,09:28,05:15,01:45,05:15,08:04,09:40,,
Tue,14-Apr,04:32,06:08,01:07,04:56,08:06,09:30,05:00,01:45,05:30,08:06,09:50,,
Wed,15-Apr,04:29,06:06,01:07,04:56,08:08,09:32,05:00,01:45,05:30,08:08,09:50,,
Thu,16-Apr,04:27,06:04,01:07,04:57,08:10,09:33,05:00,01:45,05:30,08:10,09:50,,
Fri,17-Apr,04:25,06:01,01:07,04:58,08:11,09:35,05:00,01:45,05:30,08:11,09:50,,
Sat,18-Apr,04:22,05:59,01:07,04:58,08:13,09:37,05:00,01:30,05:30,08:13,09:50,,
Sun,19-Apr,04:20,05:57,01:06,04:59,08:15,09:39,05:00,01:45,05:30,08:15,09:50,,
Mon,20-Apr,04:17,05:55,01:06,05:00,08:17,09:40,05:00,01:45,05:30,08:17,09:50,,
Tue,21-Apr,04:15,05:53,01:06,05:01,08:18,09:42,04:40,01:45,05:30,08:18,10:00,,
Wed,22-Apr,04:13,05:51,01:06,05:01,08:20,09:44,04:40,01:45,05:30,08:20,10:00,,
Thu,23-Apr,04:10,05:49,01:06,05:03,08:22,09:46,04:40,01:45,05:30,08:22,10:00,,
Fri,24-Apr,04:08,05:46,01:05,05:03,08:24,09:48,04:40,01:45,05:30,08:24,10:00,,
Sat,25-Apr,04:06,05:44,01:05,05:03,08:25,09:51,04:40,01:30,05:30,08:25,10:00,,
Sun,26-Apr,04:03,05:42,01:05,05:05,08:27,09:52,04:40,01:45,05:30,08:27,10:00,,
Mon,27-Apr,04:01,05:40,01:05,05:05,08:29,09:54,04:40,01:45,05:30,08:29,10:00,,
Tue,28-Apr,03:59,05:38,01:05,05:07,08:30,09:56,04:20,01:45,05:30,08:30,10:15,,
Wed,29-Apr,03:57,05:36,01:05,05:07,08:32,09:58,04:20,01:45,05:30,08:32,10:15,,
Thu,30-Apr,03:56,05:34,01:05,05:07,08:34,09:59,04:20,01:45,05:30,08:34,10:15,,
Fri,01-May,03:54,05:36,01:10,05:07,08:35,10:00,04:20,01:45,05:30,08:35,10:15,,
Sat,02-May,03:52,05:34,01:09,05:08,08:37,10:01,04:20,01:30,05:30,08:37,10:15,,
Sun,03-May,03:50,05:32,01:09,05:08,08:38,10:02,04:20,01:45,05:30,08:38,10:15,,
Mon,04-May,03:48,05:30,01:09,05:10,08:40,10:03,04:20,01:45,05:30,08:40,10:15,,
Tue,05-May,03:46,05:28,01:09,05:10,08:42,10:04,04:10,01:45,05:45,08:42,10:20,,
Wed,06-May,03:43,05:26,01:09,05:10,08:43,10:05,04:10,01:45,05:45,08:43,10:20,,
Thu,07-May,03:41,05:24,01:09,05:12,08:45,10:06,04:10,01:45,05:45,08:45,10:20,,
Fri,08-May,03:39,05:23,01:09,05:12,08:47,10:07,04:10,01:45,05:45,08:47,10:20,,
Sat,09-May,03:37,05:21,01:09,05:14,08:48,10:08,04:10,01:30,05:45,08:48,10:20,,
Sun,10-May,03:35,05:19,01:09,05:14,08:50,10:09,04:10,01:45,05:45,08:50,10:20,,
Mon,11-May,03:33,05:17,01:09,05:14,08:52,10:10,04:10,01:45,05:45,08:52,10:20,,
Tue,12-May,03:31,05:16,01:09,05:14,08:53,10:11,04:00,01:45,05:45,08:53,10:30,,
Wed,13-May,03:25,05:14,01:09,05:16,08:55,10:12,04:00,01:45,05:45,08:55,10:30,,
Thu,14-May,03:27,05:12,01:09,05:17,08:56,10:13,04:00,01:45,05:45,08:56,10:30,,
Fri,15-May,03:25,05:11,01:09,05:17,08:58,10:14,04:00,01:45,05:45,08:58,10:30,,
Sat,16-May,03:24,05:09,01:09,05:17,09:00,10:15,04:00,01:30,05:45,09:00,10:30,,
Sun,17-May,03:22,05:08,01:09,05:19,09:01,10:16,04:00,01:45,05:45,09:01,10:30,,
Mon,18-May,03:20,05:06,01:09,05:19,09:03,10:17,04:00,01:45,05:45,09:03,10:30,,
Tue,19-May,03:18,05:05,01:09,05:19,09:04,10:18,03:45,01:45,06:00,09:04,10:40,,
Wed,20-May,03:17,05:04,01:09,05:19,09:06,10:19,03:45,01:45,06:00,09:06,10:40,,
Thu,21-May,03:15,05:02,01:09,05:21,09:07,10:20,03:45,01:45,06:00,09:07,10:40,,
Fri,22-May,03:13,05:01,01:09,05:21,09:08,10:21,03:45,01:45,06:00,09:08,10:40,,
Sat,23-May,03:12,05:00,01:09,05:21,09:10,10:22,03:45,01:30,06:00,09:10,10:40,,
Sun,24-May,03:10,04:59,01:09,05:23,09:11,10:23,03:45,01:45,06:00,09:11,10:40,,
Mon,25-May,03:09,04:57,01:09,05:23,09:13,10:24,03:45,01:45,06:00,09:13,10:40,,
Tue,26-May,03:07,04:56,01:10,05:23,09:14,10:26,03:30,01:45,06:00,09:14,10:50,,
Wed,27-May,03:06,04:55,01:10,05:23,09:15,10:27,03:30,01:45,06:00,09:15,10:50,,
Thu,28-May,03:04,04:54,01:10,05:25,09:16,10:29,03:30,01:45,06:00,09:16,10:50,,
Fri,29-May,03:03,04:53,01:10,05:26,09:18,10:30,03:30,01:45,06:00,09:18,10:50,,
Sat,30-May,03:02,04:52,01:10,05:26,09:19,10:32,03:30,01:30,06:00,09:19,10:50,,
Sun,31-May,03:01,04:51,01:10,05:26,09:20,10:33,03:30,01:45,06:00,09:20,10:50,,
Mon,01-Jun,03:00,04:51,01:10,05:27,09:21,10:35,03:30,01:45,06:00,09:21,10:50,,
Tue,02-Jun,02:58,04:51,01:10,05:27,09:22,10:36,03:30,01:45,06:00,09:22,10:50,,
Wed,03-Jun,02:57,04:50,01:11,05:27,09:23,10:38,03:30,01:45,06:00,09:23,10:50,,
Thu,04-Jun,02:56,04:49,01:11,05:28,09:24,10:39,03:30,01:45,06:00,09:24,10:50,,
Fri,05-Jun,02:55,04:48,01:11,05:29,09:25,10:40,03:30,01:45,06:00,09:25,10:50,,
Sat,06-Jun,02:54,04:48,01:11,05:29,09:26,10:41,03:30,01:30,06:00,09:26,10:50,,
Sun,07-Jun,02:54,04:47,01:11,05:30,09:27,10:43,03:30,01:45,06:00,09:27,10:50,,
Mon,08-Jun,02:53,04:47,01:12,05:30,09:28,10:44,03:30,01:45,06:00,09:28,10:50,,
Tue,09-Jun,02:52,04:46,01:12,05:30,09:29,10:45,03:30,01:45,06:00,09:29,11:00,,
Wed,10-Jun,02:51,04:46,01:12,05:31,09:30,10:46,03:30,01:45,06:00,09:30,11:00,,
Thu,11-Jun,02:51,04:46,01:12,05:31,09:30,10:47,03:30,01:45,06:00,09:30,11:00,,
Fri,12-Jun,02:50,04:45,01:12,05:32,09:31,10:48,03:30,01:45,06:00,09:31,11:00,,
Sat,13-Jun,02:49,04:45,01:13,05:32,09:32,10:49,03:30,01:30,06:00,09:32,11:00,,
Sun,14-Jun,02:49,04:45,01:13,05:32,09:32,10:50,03:30,01:45,06:00,09:32,11:00,,
Mon,15-Jun,02:49,04:45,01:13,05:33,09:33,10:51,03:30,01:45,06:00,09:33,11:00,,
Tue,16-Jun,02:48,04:45,01:13,05:33,09:33,10:51,03:30,01:45,06:00,09:33,11:00,,
Wed,17-Jun,02:48,04:45,01:13,05:33,09:34,10:52,03:30,01:45,06:00,09:34,11:00,,
Thu,18-Jun,02:48,04:45,01:14,05:33,09:34,10:53,03:30,01:45,06:00,09:34,11:00,,
Fri,19-Jun,02:47,04:45,01:14,05:34,09:34,10:53,03:30,01:45,06:00,09:34,11:00,,
Sat,20-Jun,02:47,04:45,01:14,05:34,09:35,10:54,03:30,01:30,06:00,09:35,11:00,,
Sun,21-Jun,02:47,04:45,01:14,05:34,09:35,10:54,03:30,01:45,06:00,09:35,11:00,,
Mon,22-Jun,02:47,04:45,01:15,05:34,09:35,10:55,03:30,01:45,06:00,09:35,11:00,,
Tue,23-Jun,02:48,04:46,01:15,05:35,09:35,10:55,03:30,01:45,06:00,09:35,11:00,,
Wed,24-Jun,02:48,04:46,01:15,05:35,09:35,10:54,03:30,01:45,06:00,09:35,11:00,,
Thu,25-Jun,02:49,04:46,01:15,05:35,09:35,10:54,03:30,01:45,06:00,09:35,11:00,,
Fri,26-Jun,02:50,04:47,01:15,05:35,09:35,10:54,03:30,01:45,06:00,09:35,11:00,,
Sat,27-Jun,02:51,04:47,01:16,05:35,09:35,10:53,03:30,01:30,06:00,09:35,11:00,,
Sun,28-Jun,02:51,04:48,01:16,05:35,09:35,10:53,03:30,01:45,06:00,09:35,11:00,,
Mon,29-Jun,02:52,04:49,01:16,05:35,09:34,10:52,03:30,01:45,06:00,09:34,11:00,,
Tue,30-Jun,02:53,04:49,01:16,05:35,09:34,10:52,03:30,01:45,06:00,09:34,11:00,,
Wed,01-Jul,03:07,04:49,01:12,05:35,09:37,10:53,03:30,01:45,06:00,09:37,11:00,,
Thu,02-Jul,03:08,04:50,01:12,05:35,09:37,10:53,03:30,01:45,06:00,09:37,11:00,,
Fri,03-Jul,03:08,04:50,01:12,05:35,09:36,10:52,03:30,01:45,06:00,09:36,11:00,,
Sat,04-Jul,03:09,04:51,01:12,05:35,09:36,10:52,03:30,01:45,06:00,09:36,11:00,,
Sun,05-Jul,03:09,04:52,01:12,05:35,09:35,10:51,03:30,01:30,06:00,09:35,11:00,,
Mon,06-Jul,03:10,04:53,01:12,05:35,09:35,10:51,03:30,01:45,06:00,09:35,11:00,,
Tue,07-Jul,03:10,04:54,01:13,05:35,09:34,10:50,03:30,01:45,06:00,09:34,11:00,,
Wed,08-Jul,03:11,04:55,01:13,05:35,09:33,10:49,03:40,01:45,06:00,09:33,11:00,,
Thu,09-Jul,03:11,04:56,01:13,05:35,09:32,10:49,03:40,01:45,06:00,09:32,11:00,,
Fri,10-Jul,03:12,04:57,01:13,05:35,09:32,10:48,03:40,01:45,06:00,09:32,11:00,,
Sat,11-Jul,03:13,04:58,01:13,05:35,09:31,10:47,03:40,01:45,06:00,09:31,11:00,,
Sun,12-Jul,03:14,05:00,01:13,05:34,09:30,10:46,03:40,01:30,06:00,09:30,11:00,,
Mon,13-Jul,03:16,05:01,01:13,05:34,09:29,10:45,03:40,01:45,06:00,09:29,11:00,,
Tue,14-Jul,03:17,05:02,01:14,05:34,09:28,10:44,03:40,01:45,06:00,09:28,11:00,,
Wed,15-Jul,03:18,05:03,01:14,05:34,09:27,10:43,03:50,01:45,06:00,09:27,10:50,,
Thu,16-Jul,03:20,05:04,01:14,05:33,09:26,10:42,03:50,01:45,06:00,09:26,10:50,,
Fri,17-Jul,03:21,05:06,01:14,05:33,09:25,10:41,03:50,01:45,06:00,09:25,10:50,,
Sat,18-Jul,03:22,05:07,01:14,05:33,09:23,10:40,03:50,01:45,06:00,09:23,10:50,,
Sun,19-Jul,03:24,05:08,01:14,05:32,09:22,10:39,03:50,01:30,06:00,09:22,10:50,,
Mon,20-Jul,03:25,05:10,01:14,05:32,09:21,10:37,03:50,01:45,06:00,09:21,10:50,,
Tue,21-Jul,03:26,05:11,01:14,05:31,09:20,10:36,03:50,01:45,06:00,09:20,10:50,,
Wed,22-Jul,03:27,05:13,01:14,05:31,09:18,10:35,04:00,01:45,06:00,09:18,10:40,,
Thu,23-Jul,03:28,05:14,01:14,05:30,09:17,10:33,04:00,01:45,06:00,09:17,10:40,,
Fri,24-Jul,03:29,05:16,01:14,05:30,09:15,10:32,04:00,01:45,06:00,09:15,10:40,,
Sat,25-Jul,03:30,05:17,01:14,05:29,09:14,10:31,04:00,01:45,06:00,09:14,10:40,,
Sun,26-Jul,03:31,05:19,01:14,05:29,09:12,10:29,04:00,01:30,06:00,09:12,10:40,,
Mon,27-Jul,03:32,05:20,01:14,05:28,09:11,10:28,04:00,01:45,06:00,09:11,10:40,,
Tue,28-Jul,03:34,05:22,01:14,05:28,09:09,10:26,04:00,01:45,06:00,09:09,10:40,,
Wed,29-Jul,03:36,05:23,01:14,05:27,09:08,10:24,04:00,01:45,05:45,09:08,10:30,,
Thu,30-Jul,03:38,05:25,01:14,05:26,09:06,10:23,04:00,01:45,05:45,09:06,10:30,,
Fri,31-Jul,03:40,05:26,01:14,05:26,09:04,10:21,04:00,01:45,05:45,09:04,10:30,,
Sat,01-Aug,03:42,05:28,01:14,05:25,09:03,10:19,04:10,01:45,05:45,09:03,10:30,,
Sun,02-Aug,03:44,05:30,01:14,05:24,09:01,10:18,04:10,01:30,05:45,09:01,10:30,,
Mon,03-Aug,03:46,05:31,01:14,05:23,08:59,10:16,04:10,01:45,05:45,08:59,10:30,,
Tue,04-Aug,03:48,05:33,01:14,05:23,08:57,10:14,04:10,01:45,05:45,08:57,10:30,,
Wed,05-Aug,03:50,05:34,01:14,05:22,08:55,10:12,04:20,01:45,05:45,08:55,10:20,,
Thu,06-Aug,03:51,05:36,01:14,05:21,08:54,10:10,04:20,01:45,05:45,08:54,10:20,,
Fri,07-Aug,03:53,05:38,01:13,05:20,08:52,10:09,04:20,01:45,05:45,08:52,10:20,,
Sat,08-Aug,03:55,05:39,01:13,05:19,08:50,10:07,04:20,01:45,05:45,08:50,10:20,,
Sun,09-Aug,03:57,05:41,01:13,05:18,08:48,10:05,04:20,01:30,05:45,08:48,10:20,,
Mon,10-Aug,03:59,05:43,01:13,05:17,08:46,10:03,04:20,01:45,05:45,08:46,10:20,,
Tue,11-Aug,04:01,05:44,01:13,05:16,08:44,10:01,04:20,01:45,05:45,08:44,10:20,,
Wed,12-Aug,04:03,05:46,01:13,05:15,08:42,09:59,04:30,01:45,05:30,08:42,10:10,,
Thu,13-Aug,04:05,05:48,01:12,05:14,08:40,09:57,04:30,01:45,05:30,08:40,10:10,,
Fri,14-Aug,04:06,05:49,01:12,05:13,08:38,09:55,04:30,01:45,05:30,08:38,10:10,,
Sat,15-Aug,04:08,05:51,01:12,05:12,08:36,09:53,04:30,01:45,05:30,08:36,10:10,,
Sun,16-Aug,04:10,05:53,01:12,05:11,08:34,09:51,04:30,01:30,05:30,08:34,10:10,,
Mon,17-Aug,04:12,05:54,01:12,05:10,08:32,09:49,04:30,01:45,05:30,08:32,10:10,,
Tue,18-Aug,04:14,05:56,01:11,05:09,08:30,09:46,04:30,01:45,05:30,08:30,10:10,,
Wed,19-Aug,04:16,05:58,01:11,05:08,08:27,09:44,04:45,01:45,05:30,08:27,10:00,,
Thu,20-Aug,04:18,05:59,01:11,05:07,08:25,09:42,04:45,01:45,05:30,08:25,10:00,,
Fri,21-Aug,04:20,06:01,01:11,05:05,08:23,09:40,04:45,01:45,05:30,08:23,10:00,,
Sat,22-Aug,04:22,06:03,01:10,05:04,08:21,09:38,04:45,01:45,05:30,08:21,10:00,,
Sun,23-Aug,04:24,06:04,01:10,05:03,08:19,09:36,04:45,01:30,05:30,08:19,10:00,,
Mon,24-Aug,04:26,06:06,01:10,05:02,08:16,09:33,04:45,01:45,05:30,08:16,10:00,,
Tue,25-Aug,04:27,06:08,01:10,05:00,08:14,09:31,04:45,01:45,05:30,08:14,10:00,,
Wed,26-Aug,04:29,06:09,01:09,04:59,08:12,09:29,05:00,01:45,05:15,08:12,09:45,,
Thu,27-Aug,04:31,06:11,01:09,04:58,08:10,09:27,05:00,01:45,05:15,08:10,09:45,,
Fri,28-Aug,04:33,06:13,01:09,04:56,08:07,09:25,05:00,01:45,05:15,08:07,09:45,,
Sat,29-Aug,04:35,06:14,01:08,04:55,08:05,09:22,05:00,01:45,05:15,08:05,09:45,,
Sun,30-Aug,04:37,06:16,01:08,04:54,08:03,09:20,05:00,01:30,05:15,08:03,09:45,,
Mon,31-Aug,04:39,06:18,01:08,04:52,08:01,09:18,05:00,01:45,05:15,08:01,09:45,,
Tue,01-Sep,04:41,06:19,01:07,04:51,07:58,09:15,05:00,01:45,05:15,07:58,09:45,,
Wed,02-Sep,04:43,06:21,01:07,04:49,07:56,09:13,05:15,01:45,05:15,07:56,09:30,,
Thu,03-Sep,04:45,06:23,01:07,04:48,07:54,09:10,05:15,01:45,05:15,07:54,09:30,,
Fri,04-Sep,04:47,06:24,01:07,04:47,07:51,09:08,05:15,01:45,05:15,07:51,09:30,,
Sat,05-Sep,04:49,06:26,01:06,04:45,07:49,09:06,05:15,01:45,05:15,07:49,09:30,,
Sun,06-Sep,04:50,06:28,01:06,04:44,07:47,09:04,05:15,01:30,05:15,07:47,09:30,,
Mon,07-Sep,04:52,06:29,01:06,04:42,07:44,09:01,05:15,01:45,05:15,07:44,09:30,,
Tue,08-Sep,04:54,06:31,01:05,04:40,07:42,08:59,05:15,01:45,05:15,07:42,09:30,,
Wed,09-Sep,04:56,06:33,01:05,04:39,07:40,08:57,05:30,01:45,05:00,07:40,09:15,,
Thu,10-Sep,04:58,06:34,01:04,04:37,07:37,08:54,05:30,01:45,05:00,07:37,09:15,,
Fri,11-Sep,05:00,06:36,01:04,04:36,07:35,08:52,05:30,01:45,05:00,07:35,09:15,,
Sat,12-Sep,05:02,06:38,01:04,04:34,07:33,08:50,05:30,01:45,05:00,07:33,09:15,,
Sun,13-Sep,05:04,06:39,01:03,04:33,07:30,08:47,05:30,01:30,05:00,07:30,09:15,,
Mon,14-Sep,05:06,06:41,01:03,04:31,07:28,08:45,05:30,01:45,05:00,07:28,09:15,,
Tue,15-Sep,05:08,06:43,01:03,04:29,07:25,08:43,05:30,01:45,05:00,07:25,09:15,,
Wed,16-Sep,05:10,06:44,01:02,04:28,07:23,08:40,05:45,01:45,04:45,07:23,09:00,,
Thu,17-Sep,05:12,06:46,01:02,04:26,07:21,08:38,05:45,01:45,04:45,07:21,09:00,,
Fri,18-Sep,05:13,06:48,01:02,04:24,07:18,08:35,05:45,01:45,04:45,07:18,09:00,,
Sat,19-Sep,05:15,06:49,01:01,04:23,07:16,08:33,05:45,01:45,04:45,07:16,09:00,,
Sun,20-Sep,05:17,06:51,01:01,04:21,07:13,08:31,05:45,01:30,04:45,07:13,09:00,,
Mon,21-Sep,05:19,06:53,01:01,04:19,07:11,08:28,05:45,01:45,04:45,07:11,09:00,,
Tue,22-Sep,05:21,06:54,01:00,04:18,07:09,08:26,05:45,01:45,04:45,07:09,09:00,,
Wed,23-Sep,05:23,06:56,01:00,04:16,07:06,08:24,06:00,01:45,04:30,07:06,08:45,,
Thu,24-Sep,05:24,06:58,01:00,04:14,07:04,08:21,06:00,01:45,04:30,07:04,08:45,,
Fri,25-Sep,05:26,06:59,12:59,04:13,07:02,08:19,06:00,01:45,04:30,07:02,08:45,,
Sat,26-Sep,05:27,07:01,12:59,04:11,06:59,08:16,06:00,01:45,04:30,06:59,08:45,,
Sun,27-Sep,05:29,07:03,12:59,04:09,06:57,08:14,06:00,01:30,04:30,06:57,08:45,,
Mon,28-Sep,05:30,07:04,12:58,04:07,06:55,08:12,06:00,01:45,04:30,06:55,08:45,,
Tue,29-Sep,05:32,07:06,12:58,04:06,06:52,08:09,06:00,01:45,04:30,06:52,08:45,,
Wed,30-Sep,05:34,07:08,12:57,04:04,06:50,08:07,06:15,01:45,04:15,06:50,08:30,,
Thu,01-Oct,05:37,07:10,01:02,04:02,06:45,08:17,06:10,01:45,04:15,06:45,08:45,,
Fri,02-Oct,05:39,07:11,01:02,04:00,06:43,08:14,06:10,01:45,04:15,06:43,08:45,,
Sat,03-Oct,05:41,07:13,01:01,03:59,06:40,08:12,06:10,01:30,04:15,06:40,08:45,,
Sun,04-Oct,05:42,07:15,01:01,03:57,06:38,08:10,06:10,01:45,04:15,06:38,08:45,,
Mon,05-Oct,05:44,07:16,01:01,03:55,06:36,08:08,06:10,01:45,04:15,06:36,08:45,,
Tue,06-Oct,05:46,07:18,01:00,03:53,06:33,08:05,06:20,01:45,04:15,06:33,08:30,,
Wed,07-Oct,05:47,07:20,01:00,03:52,06:31,08:03,06:20,01:45,04:15,06:31,08:30,,
Thu,08-Oct,05:49,07:22,01:00,03:50,06:29,08:00,06:20,01:45,04:15,06:29,08:30,,
Fri,09-Oct,05:50,07:23,01:00,03:48,06:26,07:57,06:20,01:45,04:15,06:26,08:30,,
Sat,10-Oct,05:52,07:25,12:59,03:46,06:24,07:54,06:20,01:30,04:15,06:24,08:30,,
Sun,11-Oct,05:54,07:27,12:59,03:45,06:22,07:51,06:20,01:45,04:15,06:22,08:30,,
Mon,12-Oct,05:55,07:29,12:59,03:43,06:20,07:53,06:20,01:45,04:15,06:20,08:30,,
Tue,13-Oct,05:57,07:30,12:59,03:41,06:17,07:51,06:30,01:45,04:00,06:17,08:15,,
Wed,14-Oct,05:59,07:32,12:58,03:39,06:15,07:49,06:30,01:45,04:00,06:15,08:15,,
Thu,15-Oct,06:00,07:34,12:58,03:38,06:13,07:46,06:30,01:45,04:00,06:13,08:15,,
Fri,16-Oct,06:02,07:36,12:58,03:36,06:11,07:43,06:30,01:45,04:00,06:11,08:15,,
Sat,17-Oct,06:04,07:37,12:58,03:34,06:09,07:40,06:30,01:30,04:00,06:09,08:15,,
Sun,18-Oct,06:05,07:39,12:58,03:33,06:06,07:38,06:30,01:45,04:00,06:06,08:15,,
Mon,19-Oct,06:07,07:41,12:57,03:31,06:04,07:36,06:30,01:45,04:00,06:04,08:15,,
Tue,20-Oct,06:09,07:43,12:57,03:29,06:02,07:34,06:45,01:45,03:45,06:02,08:00,,
Wed,21-Oct,06:11,07:45,12:57,03:28,06:00,07:33,06:45,01:45,03:45,06:00,08:00,,
Thu,22-Oct,06:12,07:46,12:57,03:26,05:58,07:31,06:45,01:45,03:45,05:58,08:00,,
Fri,23-Oct,06:14,07:48,12:57,03:25,05:56,07:30,06:45,01:45,03:45,05:56,08:00,,
Sat,24-Oct,06:16,07:50,12:57,03:23,05:54,07:28,06:45,01:30,03:45,05:54,08:00,,
Sun,25-Oct,06:17,07:52,12:56,03:21,05:52,07:26,06:45,01:40,03:45,05:52,08:00,,
Mon,26-Oct,05:19,06:54,11:56,02:19,04:50,06:23,06:00,12:45,02:30,04:50,07:30,,
Tue,27-Oct,05:21,06:55,11:56,02:18,04:48,06:21,06:00,12:45,02:30,04:48,07:30,,
Wed,28-Oct,05:23,06:57,11:56,02:16,04:46,06:19,06:00,12:45,02:30,04:46,07:30,,
Thu,29-Oct,05:24,06:59,11:56,02:15,04:44,06:17,06:00,12:45,02:30,04:44,07:30,,
Fri,30-Oct,05:26,07:01,11:56,02:13,04:42,06:15,06:00,12:45,02:30,04:42,07:30,,
Sat,31-Oct,05:28,07:03,11:56,02:12,04:40,06:13,06:00,12:30,02:30,04:40,07:30,,
Sun,01-Nov,05:26,07:06,11:51,02:10,04:39,06:08,06:00,12:30,02:30,04:39,07:30,,
Mon,02-Nov,05:28,07:08,11:51,02:09,04:37,06:07,06:00,12:45,02:30,04:37,07:30,,
Tue,03-Nov,05:29,07:10,11:51,02:07,04:35,06:05,06:00,12:45,02:30,04:35,07:30,,
Wed,04-Nov,05:31,07:11,11:51,02:06,04:33,06:03,06:00,12:45,02:30,04:33,07:30,,
Thu,05-Nov,05:33,07:13,11:52,02:05,04:32,06:02,06:00,12:45,02:30,04:32,07:30,,
Fri,06-Nov,05:34,07:15,11:51,02:03,04:30,06:00,06:00,12:45,02:30,04:30,07:30,,
Sat,07-Nov,05:36,07:16,11:52,02:02,04:28,05:58,06:00,12:45,02:30,04:28,07:30,,
Sun,08-Nov,05:37,07:19,11:52,02:01,04:26,05:57,06:00,12:30,02:30,04:26,07:30,,
Mon,09-Nov,05:39,07:21,11:52,01:59,04:25,05:55,06:00,12:45,02:30,04:25,07:30,,
Tue,10-Nov,05:41,07:23,11:52,01:58,04:23,05:53,06:00,12:45,02:15,04:23,07:30,,
Wed,11-Nov,05:43,07:24,11:52,01:57,04:21,05:52,06:00,12:45,02:15,04:21,07:30,,
Thu,12-Nov,05:44,07:26,11:52,01:56,04:20,05:50,06:00,12:45,02:15,04:20,07:30,,
Fri,13-Nov,05:46,07:28,11:52,01:54,04:18,05:48,06:20,12:45,02:15,04:18,07:30,,
Sat,14-Nov,05:48,07:30,11:52,01:53,04:17,05:47,06:20,12:45,02:15,04:17,07:30,,
Sun,15-Nov,05:49,07:31,11:52,01:52,04:15,05:46,06:20,12:30,02:15,04:15,07:30,,
Mon,16-Nov,05:51,07:33,11:53,01:51,04:14,05:44,06:20,12:45,02:15,04:14,07:30,,
Tue,17-Nov,05:53,07:35,11:53,01:50,04:13,05:42,06:30,12:45,02:15,04:13,07:30,,
Wed,18-Nov,05:54,07:37,11:53,01:49,04:11,05:41,06:30,12:45,02:15,04:11,07:30,,
Thu,19-Nov,05:56,07:38,11:53,01:47,04:10,05:40,06:30,12:45,02:15,04:10,07:30,,
Fri,20-Nov,05:58,07:40,11:53,01:47,04:09,05:40,06:30,12:45,02:15,04:09,07:30,,
Sat,21-Nov,05:59,07:42,11:54,01:46,04:08,05:39,06:30,12:45,02:15,04:08,07:30,,
Sun,22-Nov,06:01,07:44,11:54,01:45,04:07,05:38,06:30,12:30,02:15,04:07,07:30,,
Mon,23-Nov,06:02,07:46,11:54,01:44,04:06,05:37,06:30,12:45,02:15,04:06,07:30,,
Tue,24-Nov,06:04,07:47,11:54,01:44,04:04,05:36,06:30,12:45,02:15,04:04,07:30,,
Wed,25-Nov,06:05,07:49,11:55,01:43,04:03,05:36,06:40,12:45,02:15,04:03,07:30,,
Thu,26-Nov,06:07,07:50,11:55,01:42,04:03,05:35,06:40,12:45,02:15,04:03,07:30,,
Fri,27-Nov,06:08,07:52,11:55,01:42,04:02,05:35,06:40,12:45,02:15,04:02,07:30,,
Sat,28-Nov,06:10,07:54,11:56,01:42,04:02,05:34,06:40,12:45,02:15,04:02,07:30,,
Sun,29-Nov,06:11,07:55,11:56,01:41,04:00,05:34,06:40,12:30,02:15,04:00,07:30,,
Mon,30-Nov,06:12,07:56,11:56,01:41,03:59,05:34,06:40,12:45,02:15,03:59,07:30,,
Tue,01-Dec,06:15,07:57,12:02,01:41,03:58,05:10,06:50,12:30,02:15,03:58,07:20,,
Wed,02-Dec,06:16,07:58,12:02,01:41,03:58,05:10,06:50,12:30,02:15,03:58,07:20,,
Thu,03-Dec,06:18,07:59,12:02,01:41,03:56,05:10,06:50,12:30,02:15,03:56,07:20,,
Fri,04-Dec,06:19,08:01,12:03,01:40,03:56,05:09,06:50,12:30,02:15,03:56,07:20,,
Sat,05-Dec,06:20,08:02,12:03,01:40,03:55,05:09,06:50,12:30,02:15,03:55,07:20,,
Sun,06-Dec,06:21,08:03,12:04,01:40,03:55,05:09,06:50,12:30,02:15,03:55,07:20,,
Mon,07-Dec,06:23,08:04,12:04,01:39,03:55,05:09,06:50,12:30,02:15,03:55,07:20,,
Tue,08-Dec,06:24,08:05,12:04,01:39,03:54,05:09,07:00,12:30,02:15,03:54,07:20,,
Wed,09-Dec,06:25,08:06,12:05,01:39,03:54,05:09,07:00,12:30,02:15,03:54,07:20,,
Thu,10-Dec,06:26,08:07,12:05,01:39,03:54,05:09,07:00,12:30,02:15,03:54,07:20,,
Fri,11-Dec,06:27,08:08,12:06,01:39,03:54,05:09,07:00,12:30,02:15,03:54,07:20,,
Sat,12-Dec,06:28,08:09,12:06,01:39,03:54,05:09,07:00,12:30,02:15,03:54,07:20,,
Sun,13-Dec,06:28,08:10,12:07,01:39,03:54,05:10,07:00,12:30,02:15,03:54,07:20,,
Mon,14-Dec,06:29,08:11,12:07,01:39,03:54,05:10,07:00,12:30,02:15,03:54,07:20,,
Tue,15-Dec,06:30,08:12,12:08,01:39,03:54,05:10,07:00,12:30,02:15,03:54,07:20,,
Wed,16-Dec,06:31,08:13,12:08,01:39,03:54,05:11,07:00,12:30,02:15,03:54,07:20,,
Thu,17-Dec,06:31,08:13,12:09,01:39,03:55,05:11,07:00,12:30,02:15,03:55,07:20,,
Fri,18-Dec,06:32,08:14,12:09,01:40,03:55,05:12,07:00,12:30,02:15,03:55,07:20,,
Sat,19-Dec,06:33,08:15,12:10,01:40,03:55,05:12,07:00,12:30,02:15,03:55,07:20,,
Sun,20-Dec,06:33,08:16,12:10,01:40,03:56,05:13,07:00,12:30,02:15,03:56,07:20,,
Mon,21-Dec,06:34,08:16,12:11,01:41,03:56,05:14,07:00,12:30,02:15,03:56,07:20,,
Tue,22-Dec,06:34,08:17,12:11,01:41,03:57,05:14,07:00,12:30,02:15,03:57,07:20,,
Wed,23-Dec,06:35,08:17,12:12,01:41,03:57,05:15,07:00,12:30,02:15,03:57,07:20,,
Thu,24-Dec,06:35,08:18,12:12,01:41,03:58,05:15,07:00,12:30,02:15,03:58,07:20,,
Fri,25-Dec,06:35,08:18,12:13,01:42,03:59,05:16,07:00,12:30,02:15,03:59,07:20,,
Sat,26-Dec,06:36,08:18,12:13,01:42,03:59,05:16,07:00,12:30,02:15,03:59,07:20,,
Sun,27-Dec,06:36,08:18,12:14,01:43,04:00,05:17,07:00,12:30,02:15,04:00,07:20,,
Mon,28-Dec,06:36,08:19,12:14,01:44,04:01,05:17,07:00,12:30,02:15,04:01,07:20,,
Tue,29-Dec,06:37,08:19,12:15,01:46,04:02,05:18,07:00,12:30,02:15,04:02,07:20,,
Wed,30-Dec,06:37,08:19,12:15,01:46,04:03,05:19,07:00,12:30,02:15,04:03,07:20,,
Thu,31-Dec,06:37,08:19,12:16,01:47,04:04,05:19,07:00,12:30,02:15,04:04,07:20,,
